{"cameraMode":{"drawMode":0,"name":"Shaded","section":"Shading Mode"},"sceneLighting":true,"audioPlay":false,"sceneViewState":{"m_AlwaysRefresh":false,"showFog":true,"showSkybox":true,"showFlares":true,"showImageEffects":true,"showParticleSystems":true,"showVisualEffectGraphs":true,"m_FxEnabled":true},"in2DMode":false,"pivot":{"x":4.742931842803955,"y":7.410618782043457,"z":-8.477489471435547},"rotation":{"x":0.3619883060455322,"y":-0.020970363169908525,"z":0.00814732350409031,"w":0.9319044947624207},"size":0.9734489917755127,"orthographic":true}