{"cameraMode":{"drawMode":0,"name":"Shaded","section":"Shading Mode"},"sceneLighting":false,"audioPlay":false,"sceneViewState":{"m_AlwaysRefresh":false,"showFog":true,"showSkybox":false,"showFlares":true,"showImageEffects":true,"showParticleSystems":true,"showVisualEffectGraphs":true,"m_FxEnabled":true},"in2DMode":false,"pivot":{"x":1.0195637941360474,"y":-1.344943642616272,"z":-0.11231565475463867},"rotation":{"x":-0.15559859573841096,"y":-0.030521150678396226,"z":0.004808166064321995,"w":-0.9873361587524414},"size":1.1416574716567994,"orthographic":false}